{"cameraMode":{"drawMode":0,"name":"Shaded","section":"Shading Mode"},"sceneLighting":false,"audioPlay":false,"sceneViewState":{"showFog":true,"showMaterialUpdate":false,"showSkybox":false,"showFlares":true,"showImageEffects":true,"showParticleSystems":true},"in2DMode":false,"pivot":{"x":2.9802322387695315e-8,"y":0.0,"z":-2.9802322387695315e-8},"rotation":{"x":0.19828999042510987,"y":0.5026887059211731,"z":-0.11965636909008026,"w":0.832909107208252},"size":1.1431633234024048,"orthographic":false}