{"cameraMode":{"drawMode":0,"name":"Shaded","section":"Shading Mode"},"sceneLighting":true,"audioPlay":false,"sceneViewState":{"showFog":true,"showMaterialUpdate":false,"showSkybox":true,"showFlares":true,"showImageEffects":true,"showParticleSystems":true},"in2DMode":false,"pivot":{"x":-0.10590723156929016,"y":-0.9397470355033875,"z":-0.1742854118347168},"rotation":{"x":0.07904088497161865,"y":0.5596200823783875,"z":-0.05371735244989395,"w":0.8232645392417908},"size":4.059662342071533,"orthographic":false}